half_window,metric,break_date,delta_pp
63,us_volume_share,2022-04-12,1.975266899908884
63,us_volume_share,2022-04-20,0.8203552999058228
63,us_volume_share,2022-04-27,-1.923012071874275
63,us_volume_share,2022-05-04,-3.1333140481721755
63,us_volume_share,2022-05-11,-5.099959145515559
63,us_volume_share,2022-05-18,-5.055662960399348
63,us_volume_share,2022-05-25,-7.461221750979529
63,us_volume_share,2022-06-02,-7.810189744071405
63,us_volume_share,2022-06-09,-8.025635131937392
63,us_volume_share,2022-06-16,-7.799763280721256
63,us_volume_share,2022-06-24,-5.003403838950865
63,us_volume_share,2022-07-01,-4.232802817556197
63,us_volume_share,2022-07-11,-3.824377746355939
63,us_volume_share,2022-07-18,-3.288394954823659
63,us_volume_share,2022-07-25,-2.2837671748403454
63,us_volume_share,2022-08-01,-0.2595239562679208
63,us_volume_share,2022-08-08,1.941121464487866
63,us_volume_share,2022-08-15,3.862475963805312
63,us_volume_share,2022-08-22,4.126387049268715
63,us_volume_share,2022-08-29,4.454647716914267
63,us_volume_share,2022-09-06,3.1113971170399655
63,us_volume_share,2022-09-13,2.9190207559242287
63,us_volume_share,2022-09-20,3.6529057405466747
63,us_volume_share,2022-09-27,3.1933227965025734
63,us_volume_share,2022-10-04,1.0524447603912745
63,us_volume_share,2022-10-11,0.5290079753272725
63,us_volume_share,2022-10-18,0.23425411074975977
63,us_volume_share,2022-10-25,-1.0917093688158575
63,us_volume_share,2022-11-01,-2.452122787469863
63,us_volume_share,2022-11-08,-2.0036973042045214
63,us_volume_share,2022-11-15,-1.8179556274922126
63,us_volume_share,2022-11-22,-1.5824742003525072
63,us_volume_share,2022-11-30,-0.6811174575695078
63,us_volume_share,2022-12-07,1.8707460784418206
63,us_volume_share,2022-12-14,2.1482099111421404
63,us_volume_share,2022-12-21,1.852280111336474
63,us_volume_share,2022-12-29,1.5448946698617738
63,us_volume_share,2023-01-06,2.7513308349258523
63,us_volume_share,2023-01-13,1.7430727411114288
63,us_volume_share,2023-01-23,0.9075962795592585
63,us_volume_share,2023-01-30,2.1786978265764922
63,us_volume_share,2023-02-06,3.3606950027876445
63,us_volume_share,2023-02-13,2.1261467558458422
63,us_volume_share,2023-02-21,1.757474722724478
63,us_volume_share,2023-02-28,1.5624634207526078
63,us_volume_share,2023-03-07,0.4319206028844502
63,us_volume_share,2023-03-14,-0.7546060589592618
63,us_volume_share,2023-03-21,1.1562677406918132
63,us_volume_share,2023-03-29,1.9142908017567128
63,us_volume_share,2023-04-05,1.555418073301823
63,us_volume_share,2023-04-13,1.555418073301823
63,us_volume_share,2023-04-20,3.33659096639522
63,us_volume_share,2023-04-27,3.867132179189281
63,us_volume_share,2023-05-04,-0.49696804964350916
63,us_volume_share,2023-05-11,2.304668758436673
63,us_volume_share,2023-05-18,3.0329392116297536
63,us_volume_share,2023-05-25,2.9159394439839503
63,us_volume_share,2023-06-02,3.8657076587649275
63,us_volume_share,2023-06-09,2.0323213636655013
63,us_volume_share,2023-06-16,4.029390165921798
63,us_volume_share,2023-06-26,1.7307009436018927
63,us_volume_share,2023-07-03,0.8480157142414568
63,us_volume_share,2023-07-11,1.7307009436018927
63,us_volume_share,2023-07-18,0.34890418787139055
63,us_volume_share,2023-07-25,0.6257449066620013
63,us_volume_share,2023-08-01,0.5147344218276395
63,us_volume_share,2023-08-08,0.6126184509436805
63,us_volume_share,2023-08-15,-0.8349445152228852
63,us_volume_share,2023-08-22,-0.8598075400032323
63,us_volume_share,2023-08-29,-0.8999032300996634
63,us_volume_share,2023-09-06,-3.12036487022338
63,us_volume_share,2023-09-13,-3.21410077781164
63,us_volume_share,2023-09-20,-4.095823242756197
63,us_volume_share,2023-09-27,-4.7563999625890805
63,us_volume_share,2023-10-04,-4.821243166173417
63,us_volume_share,2023-10-11,-5.057331629362322
63,us_trade_share,2022-04-12,2.4143943087519326
63,us_trade_share,2022-04-20,1.38939441003203
63,us_trade_share,2022-04-27,1.1937084137616238
63,us_trade_share,2022-05-04,-1.7610394318163414
63,us_trade_share,2022-05-11,-3.715040446422563
63,us_trade_share,2022-05-18,-2.7844493947226323
63,us_trade_share,2022-05-25,-5.563182776651388
63,us_trade_share,2022-06-02,-6.260089474000202
63,us_trade_share,2022-06-09,-5.263459343033916
63,us_trade_share,2022-06-16,-4.716666263347269
63,us_trade_share,2022-06-24,-3.930119760464701
63,us_trade_share,2022-07-01,-3.768651331903122
63,us_trade_share,2022-07-11,-3.6797284384748554
63,us_trade_share,2022-07-18,-2.6361087187455947
63,us_trade_share,2022-07-25,-2.07062916744557
63,us_trade_share,2022-08-01,-1.0667527160010237
63,us_trade_share,2022-08-08,2.209022017123802
63,us_trade_share,2022-08-15,2.8700581561127256
63,us_trade_share,2022-08-22,3.557330977274964
63,us_trade_share,2022-08-29,3.8688082108235653
63,us_trade_share,2022-09-06,3.3927762209009615
63,us_trade_share,2022-09-13,3.2965931793911327
63,us_trade_share,2022-09-20,2.4389420299967157
63,us_trade_share,2022-09-27,1.501745011015715
63,us_trade_share,2022-10-04,0.1839894953926169
63,us_trade_share,2022-10-11,0.10114222415673613
63,us_trade_share,2022-10-18,-0.361566607721725
63,us_trade_share,2022-10-25,-1.4522047785732295
63,us_trade_share,2022-11-01,-1.9149042885261591
63,us_trade_share,2022-11-08,-2.3388371943237782
63,us_trade_share,2022-11-15,-2.5381740077050186
63,us_trade_share,2022-11-22,-2.4197492073082083
63,us_trade_share,2022-11-30,-2.0214499900807983
63,us_trade_share,2022-12-07,-1.3298120035145689
63,us_trade_share,2022-12-14,-1.2963723153541329
63,us_trade_share,2022-12-21,-0.695414597916022
63,us_trade_share,2022-12-29,1.164816991348161
63,us_trade_share,2023-01-06,2.0196164755276467
63,us_trade_share,2023-01-13,1.152332261190242
63,us_trade_share,2023-01-23,1.8436672095248907
63,us_trade_share,2023-01-30,2.5690704318355797
63,us_trade_share,2023-02-06,2.61163713833229
63,us_trade_share,2023-02-13,2.5648074392239426
63,us_trade_share,2023-02-21,2.2576088488228843
63,us_trade_share,2023-02-28,2.9593347237855894
63,us_trade_share,2023-03-07,2.8556358477499657
63,us_trade_share,2023-03-14,2.7681808057576527
63,us_trade_share,2023-03-21,2.8052770541708183
63,us_trade_share,2023-03-29,1.6789489470507457
63,us_trade_share,2023-04-05,1.3839893456907337
63,us_trade_share,2023-04-13,1.3839893456907337
63,us_trade_share,2023-04-20,3.4059945380715773
63,us_trade_share,2023-04-27,3.1191798330850173
63,us_trade_share,2023-05-04,0.7780753234729598
63,us_trade_share,2023-05-11,1.4863177805103656
63,us_trade_share,2023-05-18,2.9825431679656065
63,us_trade_share,2023-05-25,2.496143617237462
63,us_trade_share,2023-06-02,2.4879357233525132
63,us_trade_share,2023-06-09,2.4589881436736905
63,us_trade_share,2023-06-16,2.9899302545245643
63,us_trade_share,2023-06-26,2.327695786370021
63,us_trade_share,2023-07-03,2.301477774416055
63,us_trade_share,2023-07-11,2.6282779145907598
63,us_trade_share,2023-07-18,1.6432127149711762
63,us_trade_share,2023-07-25,1.4987532500443879
63,us_trade_share,2023-08-01,0.9118184992638667
63,us_trade_share,2023-08-08,-0.19704439012566688
63,us_trade_share,2023-08-15,-1.202923502619152
63,us_trade_share,2023-08-22,-0.7346415571308662
63,us_trade_share,2023-08-29,-1.0303211013903246
63,us_trade_share,2023-09-06,-2.3797493850193474
63,us_trade_share,2023-09-13,-2.8237941916439024
63,us_trade_share,2023-09-20,-2.7869632679279888
63,us_trade_share,2023-09-27,-1.9633692096367783
63,us_trade_share,2023-10-04,-3.349770689036796
63,us_trade_share,2023-10-11,-3.998530158224445
63,us_variance_share,2022-04-12,4.98248518266014
63,us_variance_share,2022-04-20,0.681467616726017
63,us_variance_share,2022-04-27,-0.2043232732962863
63,us_variance_share,2022-05-04,-2.1825238765033452
63,us_variance_share,2022-05-11,-5.323903693718285
63,us_variance_share,2022-05-18,-6.882086010155064
63,us_variance_share,2022-05-25,-10.538467737131729
63,us_variance_share,2022-06-02,-11.292797073446426
63,us_variance_share,2022-06-09,-11.836638911413106
63,us_variance_share,2022-06-16,-11.836638911413106
63,us_variance_share,2022-06-24,-7.627013894630968
63,us_variance_share,2022-07-01,-5.876818601576689
63,us_variance_share,2022-07-11,-4.04189128175933
63,us_variance_share,2022-07-18,-4.04189128175933
63,us_variance_share,2022-07-25,-0.1471271198097479
63,us_variance_share,2022-08-01,1.4687323679311914
63,us_variance_share,2022-08-08,4.896012869640742
63,us_variance_share,2022-08-15,8.941203707474104
63,us_variance_share,2022-08-22,10.16799509326638
63,us_variance_share,2022-08-29,9.89933739099394
63,us_variance_share,2022-09-06,9.43946357982553
63,us_variance_share,2022-09-13,9.727369954394849
63,us_variance_share,2022-09-20,8.523846013621949
63,us_variance_share,2022-09-27,4.116080236473224
63,us_variance_share,2022-10-04,1.4687323679311914
63,us_variance_share,2022-10-11,2.5133779891875543
63,us_variance_share,2022-10-18,1.515316299143421
63,us_variance_share,2022-10-25,1.1946330626217638
63,us_variance_share,2022-11-01,1.1946330626217638
63,us_variance_share,2022-11-08,-0.184061085258308
63,us_variance_share,2022-11-15,-0.3981090215552763
63,us_variance_share,2022-11-22,-0.298794298487598
63,us_variance_share,2022-11-30,3.5358619320504605
63,us_variance_share,2022-12-07,4.003401693975961
63,us_variance_share,2022-12-14,4.003401693975961
63,us_variance_share,2022-12-21,5.120597739058991
63,us_variance_share,2022-12-29,5.070415670985645
63,us_variance_share,2023-01-06,5.026460974224889
63,us_variance_share,2023-01-13,0.9331349598247218
63,us_variance_share,2023-01-23,-0.184061085258308
63,us_variance_share,2023-01-30,2.236732597881952
63,us_variance_share,2023-02-06,2.236732597881952
63,us_variance_share,2023-02-13,1.30359763805723
63,us_variance_share,2023-02-21,-1.2260384440182959
63,us_variance_share,2023-02-28,-2.8699987324739995
63,us_variance_share,2023-03-07,-1.1584843234725084
63,us_variance_share,2023-03-14,-2.8699987324739995
63,us_variance_share,2023-03-21,-0.4529418026013199
63,us_variance_share,2023-03-29,-0.39124128061354124
63,us_variance_share,2023-04-05,0.061700521987778645
63,us_variance_share,2023-04-13,2.786294586171306
63,us_variance_share,2023-04-20,5.415887969558497
63,us_variance_share,2023-04-27,5.943204253404122
63,us_variance_share,2023-05-04,2.082527363926534
63,us_variance_share,2023-05-11,4.112290331501267
63,us_variance_share,2023-05-18,4.4874274289359475
63,us_variance_share,2023-05-25,6.624751533518724
63,us_variance_share,2023-06-02,7.102987712353887
63,us_variance_share,2023-06-09,5.267234819910427
63,us_variance_share,2023-06-16,7.447072743774985
63,us_variance_share,2023-06-26,4.499991777051459
63,us_variance_share,2023-07-03,4.3923511334144845
63,us_variance_share,2023-07-11,6.162885005654905
63,us_variance_share,2023-07-18,4.0206187313627515
63,us_variance_share,2023-07-25,1.1738942767162586
63,us_variance_share,2023-08-01,1.8906722247345908
63,us_variance_share,2023-08-08,0.45011323237129086
63,us_variance_share,2023-08-15,-1.2841076799710138
63,us_variance_share,2023-08-22,-0.4096828841841482
63,us_variance_share,2023-08-29,-2.5470069887669258
63,us_variance_share,2023-09-06,-4.755863835623892
63,us_variance_share,2023-09-13,-4.755863835623892
63,us_variance_share,2023-09-20,-5.596380965665965
63,us_variance_share,2023-09-27,-4.870895451135265
63,us_variance_share,2023-10-04,-5.9297040371991185
63,us_variance_share,2023-10-11,-8.572821703728401
63,us_abs_return_share,2022-04-12,2.215195339880011
63,us_abs_return_share,2022-04-20,2.0457703849934616
63,us_abs_return_share,2022-04-27,1.6777709086706838
63,us_abs_return_share,2022-05-04,0.8930273137971678
63,us_abs_return_share,2022-05-11,-0.11492577931717096
63,us_abs_return_share,2022-05-18,-1.3628135970933652
63,us_abs_return_share,2022-05-25,-2.4154078535570003
63,us_abs_return_share,2022-06-02,-3.2310547284021327
63,us_abs_return_share,2022-06-09,-3.4739839459322184
63,us_abs_return_share,2022-06-16,-3.7227877253893036
63,us_abs_return_share,2022-06-24,-1.6072764230137149
63,us_abs_return_share,2022-07-01,-1.2092495869386821
63,us_abs_return_share,2022-07-11,-0.395461558082183
63,us_abs_return_share,2022-07-18,-0.2472237494755558
63,us_abs_return_share,2022-07-25,-0.24667449373267925
63,us_abs_return_share,2022-08-01,0.4756170766714085
63,us_abs_return_share,2022-08-08,1.2874554696480356
63,us_abs_return_share,2022-08-15,2.2579366890825847
63,us_abs_return_share,2022-08-22,3.821148053099682
63,us_abs_return_share,2022-08-29,3.822066678974967
63,us_abs_return_share,2022-09-06,3.5611356805994197
63,us_abs_return_share,2022-09-13,3.567667653548284
63,us_abs_return_share,2022-09-20,3.2448935084832318
63,us_abs_return_share,2022-09-27,1.5371702198533121
63,us_abs_return_share,2022-10-04,-0.5900797957593795
63,us_abs_return_share,2022-10-11,-0.16446250390192985
63,us_abs_return_share,2022-10-18,-0.16446250390192985
63,us_abs_return_share,2022-10-25,-1.1069450163907868
63,us_abs_return_share,2022-11-01,-2.0698354738693467
63,us_abs_return_share,2022-11-08,-0.7498539965315243
63,us_abs_return_share,2022-11-15,-0.3170333951751314
63,us_abs_return_share,2022-11-22,0.35551210487050344
63,us_abs_return_share,2022-11-30,0.8812322796549643
63,us_abs_return_share,2022-12-07,1.3050468554072325
63,us_abs_return_share,2022-12-14,1.8986202373118322
63,us_abs_return_share,2022-12-21,2.360173353132872
63,us_abs_return_share,2022-12-29,2.0078624081642795
63,us_abs_return_share,2023-01-06,2.174239677395545
63,us_abs_return_share,2023-01-13,1.1891507807220925
63,us_abs_return_share,2023-01-23,0.46834395712843646
63,us_abs_return_share,2023-01-30,1.992715098929515
63,us_abs_return_share,2023-02-06,1.8873556322018814
63,us_abs_return_share,2023-02-13,0.6986324626249429
63,us_abs_return_share,2023-02-21,-1.4245976853577258
63,us_abs_return_share,2023-02-28,-1.497707306910967
63,us_abs_return_share,2023-03-07,-0.9324538135615457
63,us_abs_return_share,2023-03-14,-1.7010775957273905
63,us_abs_return_share,2023-03-21,-1.3481815983570622
63,us_abs_return_share,2023-03-29,-0.4522781766230388
63,us_abs_return_share,2023-04-05,0.08191352915835615
63,us_abs_return_share,2023-04-13,0.20400715328678376
63,us_abs_return_share,2023-04-20,0.9400408022431139
63,us_abs_return_share,2023-04-27,1.4305591203402634
63,us_abs_return_share,2023-05-04,0.44664626943136665
63,us_abs_return_share,2023-05-11,1.3259953549399517
63,us_abs_return_share,2023-05-18,2.8267234794797815
63,us_abs_return_share,2023-05-25,3.005117839428084
63,us_abs_return_share,2023-06-02,4.122606972604387
63,us_abs_return_share,2023-06-09,3.7697109752340587
63,us_abs_return_share,2023-06-16,4.88086361529787
63,us_abs_return_share,2023-06-26,2.72710469228718
63,us_abs_return_share,2023-07-03,1.9871991174785553
63,us_abs_return_share,2023-07-11,3.42255426062113
63,us_abs_return_share,2023-07-18,1.8381772596179458
63,us_abs_return_share,2023-07-25,1.8989543493421246
63,us_abs_return_share,2023-08-01,1.785898646456574
63,us_abs_return_share,2023-08-08,1.34420811638713
63,us_abs_return_share,2023-08-15,0.2730915583161242
63,us_abs_return_share,2023-08-22,-0.0524003161991915
63,us_abs_return_share,2023-08-29,-0.29685198504353916
63,us_abs_return_share,2023-09-06,-2.6217889772810645
63,us_abs_return_share,2023-09-13,-3.5429819587249725
63,us_abs_return_share,2023-09-20,-3.6741486429733072
63,us_abs_return_share,2023-09-27,-2.4038628295209308
63,us_abs_return_share,2023-10-04,-2.7616876892493702
63,us_abs_return_share,2023-10-11,-3.900441401696819
126,us_volume_share,2022-07-14,-2.4683647850321067
126,us_volume_share,2022-07-21,-2.301181037017236
126,us_volume_share,2022-07-28,-2.301181037017236
126,us_volume_share,2022-08-04,-2.301181037017236
126,us_volume_share,2022-08-11,-1.0167564421718955
126,us_volume_share,2022-08-18,-0.7907795408372276
126,us_volume_share,2022-08-25,0.4816788831803809
126,us_volume_share,2022-09-01,0.4816788831803809
126,us_volume_share,2022-09-09,1.0082206986566256
126,us_volume_share,2022-09-16,1.3842384031887867
126,us_volume_share,2022-09-23,0.9015588738624736
126,us_volume_share,2022-09-30,1.0082206986566256
126,us_volume_share,2022-10-07,0.6840327543017222
126,us_volume_share,2022-10-14,-0.6171669625468446
126,us_volume_share,2022-10-21,-0.7293510895747257
126,us_volume_share,2022-10-28,-0.408823896630206
126,us_volume_share,2022-11-04,-0.24804437064984697
126,us_volume_share,2022-11-11,-0.24804437064984697
126,us_volume_share,2022-11-18,0.751171777409293
126,us_volume_share,2022-11-28,1.7514820785569318
126,us_volume_share,2022-12-05,2.391777565247488
126,us_volume_share,2022-12-12,2.5518821472827744
126,us_volume_share,2022-12-19,2.604388879087005
126,us_volume_share,2022-12-27,3.279806634179727
126,us_volume_share,2023-01-04,3.349317769055432
126,us_volume_share,2023-01-11,3.151443296152739
126,us_volume_share,2023-01-19,3.0834822706467535
126,us_volume_share,2023-01-26,3.295344207460521
126,us_volume_share,2023-02-02,3.3550311270988953
126,us_volume_share,2023-02-09,3.5709463758676563
126,us_volume_share,2023-02-16,3.8827527917165594
126,us_volume_share,2023-02-24,3.6460635320817114
126,us_volume_share,2023-03-03,3.421253611056274
126,us_volume_share,2023-03-10,3.0806948822715174
126,us_volume_share,2023-03-17,2.836266238529012
126,us_volume_share,2023-03-27,2.8052490497230744
126,us_volume_share,2023-04-03,2.8052490497230744
126,us_volume_share,2023-04-11,3.3103139649803106
126,us_volume_share,2023-04-18,4.217199386666137
126,us_volume_share,2023-04-25,3.941069562754562
126,us_volume_share,2023-05-02,4.016682278526485
126,us_volume_share,2023-05-09,3.9524695946075883
126,us_volume_share,2023-05-16,3.9524695946075883
126,us_volume_share,2023-05-23,3.5420392322144445
126,us_volume_share,2023-05-31,2.772702048500114
126,us_volume_share,2023-06-07,2.4140816525333286
126,us_volume_share,2023-06-14,2.062805003275309
126,us_volume_share,2023-06-22,1.9059988008641338
126,us_volume_share,2023-06-29,-0.020458211421370276
126,us_volume_share,2023-07-07,-0.1582997035252609
126,us_trade_share,2022-07-14,-1.7362806668575703
126,us_trade_share,2022-07-21,-1.7362806668575703
126,us_trade_share,2022-07-28,-1.72831660114654
126,us_trade_share,2022-08-04,-1.6093204144989215
126,us_trade_share,2022-08-11,-0.6675292606941385
126,us_trade_share,2022-08-18,-0.44592639882074514
126,us_trade_share,2022-08-25,0.6544117409733208
126,us_trade_share,2022-09-01,0.45889930036399074
126,us_trade_share,2022-09-09,-0.024127590120648357
126,us_trade_share,2022-09-16,0.7792024604357906
126,us_trade_share,2022-09-23,0.17741042493051307
126,us_trade_share,2022-09-30,-0.37045815217771616
126,us_trade_share,2022-10-07,-0.6107358518255279
126,us_trade_share,2022-10-14,-1.394634828827579
126,us_trade_share,2022-10-21,-1.6230525989251121
126,us_trade_share,2022-10-28,-1.2377065272007715
126,us_trade_share,2022-11-04,-0.8894900783229853
126,us_trade_share,2022-11-11,-0.8485345184645221
126,us_trade_share,2022-11-18,-0.20867409265943881
126,us_trade_share,2022-11-28,0.8089770156822718
126,us_trade_share,2022-12-05,1.609982485233541
126,us_trade_share,2022-12-12,1.609982485233541
126,us_trade_share,2022-12-19,2.218431193213022
126,us_trade_share,2022-12-27,2.68419268613872
126,us_trade_share,2023-01-04,3.0192245447832997
126,us_trade_share,2023-01-11,2.7065084025053086
126,us_trade_share,2023-01-19,2.968334628768421
126,us_trade_share,2023-01-26,2.9541975437821777
126,us_trade_share,2023-02-02,3.338575753284662
126,us_trade_share,2023-02-09,3.4551247292313847
126,us_trade_share,2023-02-16,3.316554450722242
126,us_trade_share,2023-02-24,2.9916164178391713
126,us_trade_share,2023-03-03,3.499390938275637
126,us_trade_share,2023-03-10,3.6044948596575144
126,us_trade_share,2023-03-17,3.2841916995857146
126,us_trade_share,2023-03-27,3.010960696446663
126,us_trade_share,2023-04-03,3.6044948596575144
126,us_trade_share,2023-04-11,3.9324373373080643
126,us_trade_share,2023-04-18,4.592556037602496
126,us_trade_share,2023-04-25,4.340315453845384
126,us_trade_share,2023-05-02,4.3878360304423545
126,us_trade_share,2023-05-09,3.676435393561178
126,us_trade_share,2023-05-16,3.566034398461504
126,us_trade_share,2023-05-23,4.200782138635429
126,us_trade_share,2023-05-31,3.6307855172926007
126,us_trade_share,2023-06-07,3.0797968831382914
126,us_trade_share,2023-06-14,2.5912540570623586
126,us_trade_share,2023-06-22,1.913520383306433
126,us_trade_share,2023-06-29,0.9795938788213054
126,us_trade_share,2023-07-07,0.9705906025073874
126,us_variance_share,2022-07-14,0.3458818517665607
126,us_variance_share,2022-07-21,1.7543471748212913
126,us_variance_share,2022-07-28,1.3072400482404989
126,us_variance_share,2022-08-04,2.6024577919854797
126,us_variance_share,2022-08-11,4.28685341305306
126,us_variance_share,2022-08-18,5.255777713125632
126,us_variance_share,2022-08-25,5.405174862369427
126,us_variance_share,2022-09-01,4.720350998841671
126,us_variance_share,2022-09-09,4.789583860335167
126,us_variance_share,2022-09-16,4.849200708885198
126,us_variance_share,2022-09-23,3.7640817491423784
126,us_variance_share,2022-09-30,3.228821298147899
126,us_variance_share,2022-10-07,2.3065766234315888
126,us_variance_share,2022-10-14,2.0536887662986336
126,us_variance_share,2022-10-21,2.214030384559462
126,us_variance_share,2022-10-28,3.0214787753645442
126,us_variance_share,2022-11-04,3.4271427536147314
126,us_variance_share,2022-11-11,3.615658826991053
126,us_variance_share,2022-11-18,4.863071626282184
126,us_variance_share,2022-11-28,5.681502409297378
126,us_variance_share,2022-12-05,7.607498637861088
126,us_variance_share,2022-12-12,6.5059459429424145
126,us_variance_share,2022-12-19,7.594339369526571
126,us_variance_share,2022-12-27,7.350874774075344
126,us_variance_share,2023-01-04,6.378718877701727
126,us_variance_share,2023-01-11,5.518266696831886
126,us_variance_share,2023-01-19,6.036321375990234
126,us_variance_share,2023-01-26,5.7604372421446115
126,us_variance_share,2023-02-02,5.439004844679346
126,us_variance_share,2023-02-09,3.8565745288696
126,us_variance_share,2023-02-16,3.1223675535257565
126,us_variance_share,2023-02-24,3.1101042978977036
126,us_variance_share,2023-03-03,3.9439222318908396
126,us_variance_share,2023-03-10,3.4967682163826064
126,us_variance_share,2023-03-17,3.61773537638429
126,us_variance_share,2023-03-27,4.063395678448922
126,us_variance_share,2023-04-03,4.692451279004506
126,us_variance_share,2023-04-11,5.821571589607688
126,us_variance_share,2023-04-18,6.351260971137773
126,us_variance_share,2023-04-25,5.426658254348348
126,us_variance_share,2023-05-02,5.614226803065692
126,us_variance_share,2023-05-09,5.679546111481304
126,us_variance_share,2023-05-16,4.888131554594088
126,us_variance_share,2023-05-23,4.5970880797513995
126,us_variance_share,2023-05-31,4.855094433737673
126,us_variance_share,2023-06-07,2.374689697570831
126,us_variance_share,2023-06-14,3.1464694829266557
126,us_variance_share,2023-06-22,1.991068176141353
126,us_variance_share,2023-06-29,1.4508958890930068
126,us_variance_share,2023-07-07,1.7862267340492788
126,us_abs_return_share,2022-07-14,0.9792615149019079
126,us_abs_return_share,2022-07-21,1.2960706966944735
126,us_abs_return_share,2022-07-28,1.1299628392427596
126,us_abs_return_share,2022-08-04,1.2960706966944735
126,us_abs_return_share,2022-08-11,1.9435861965268308
126,us_abs_return_share,2022-08-18,2.404278801358167
126,us_abs_return_share,2022-08-25,2.9055740046451506
126,us_abs_return_share,2022-09-01,2.298778947478702
126,us_abs_return_share,2022-09-09,1.6727295336843584
126,us_abs_return_share,2022-09-16,1.8504855861196101
126,us_abs_return_share,2022-09-23,1.2309966826722474
126,us_abs_return_share,2022-09-30,0.870132925187006
126,us_abs_return_share,2022-10-07,0.5279251133877838
126,us_abs_return_share,2022-10-14,0.41436878876446315
126,us_abs_return_share,2022-10-21,0.41436878876446315
126,us_abs_return_share,2022-10-28,0.41436878876446315
126,us_abs_return_share,2022-11-04,0.34776425570833824
126,us_abs_return_share,2022-11-11,0.34776425570833824
126,us_abs_return_share,2022-11-18,0.7181000545243177
126,us_abs_return_share,2022-11-28,1.6248961096526404
126,us_abs_return_share,2022-12-05,2.2499811764415845
126,us_abs_return_share,2022-12-12,1.9632513852423428
126,us_abs_return_share,2022-12-19,2.3892401446013345
126,us_abs_return_share,2022-12-27,2.2634855380434304
126,us_abs_return_share,2023-01-04,1.9442919676941006
126,us_abs_return_share,2023-01-11,1.5224674806741056
126,us_abs_return_share,2023-01-19,1.5816994411670504
126,us_abs_return_share,2023-01-26,1.4933025771114994
126,us_abs_return_share,2023-02-02,1.6675227822108674
126,us_abs_return_share,2023-02-09,1.018467019577618
126,us_abs_return_share,2023-02-16,0.7118476655768369
126,us_abs_return_share,2023-02-24,0.6273564584251323
126,us_abs_return_share,2023-03-03,1.0981734619949834
126,us_abs_return_share,2023-03-10,1.0981734619949834
126,us_abs_return_share,2023-03-17,0.9204174095597317
126,us_abs_return_share,2023-03-27,1.0981734619949834
126,us_abs_return_share,2023-04-03,1.5200339459333079
126,us_abs_return_share,2023-04-11,2.298492600752816
126,us_abs_return_share,2023-04-18,2.500372567557807
126,us_abs_return_share,2023-04-25,2.2802210153350435
126,us_abs_return_share,2023-05-02,2.573213771561267
126,us_abs_return_share,2023-05-09,2.821103706975947
126,us_abs_return_share,2023-05-16,2.476713441933404
126,us_abs_return_share,2023-05-23,2.3749225948491826
126,us_abs_return_share,2023-05-31,2.023462975082746
126,us_abs_return_share,2023-06-07,1.695464967977206
126,us_abs_return_share,2023-06-14,1.9229965545195293
126,us_abs_return_share,2023-06-22,1.3132648310539952
126,us_abs_return_share,2023-06-29,0.6790074682575586
126,us_abs_return_share,2023-07-07,1.163427278606255
189,us_volume_share,2022-10-12,0.7639809317969593
189,us_volume_share,2022-10-19,0.30337464612804066
189,us_volume_share,2022-10-26,-0.011836947610421866
189,us_volume_share,2022-11-02,-0.09937125796085078
189,us_volume_share,2022-11-09,0.1754538871813649
189,us_volume_share,2022-11-16,0.5336208931633779
189,us_volume_share,2022-11-23,1.3809821816620216
189,us_volume_share,2022-12-01,2.4474654064050085
189,us_volume_share,2022-12-08,3.149160286126129
189,us_volume_share,2022-12-15,3.0587011330847513
189,us_volume_share,2022-12-22,3.1041235986999762
189,us_volume_share,2022-12-30,3.519954992178559
189,us_volume_share,2023-01-09,3.7850368801985335
189,us_volume_share,2023-01-17,3.8305679631335243
189,us_volume_share,2023-01-24,3.6461283357696384
189,us_volume_share,2023-01-31,3.9187921980896157
189,us_volume_share,2023-02-07,4.153046308839375
189,us_volume_share,2023-02-14,4.016317798017926
189,us_volume_share,2023-02-22,4.086260376405548
189,us_volume_share,2023-03-01,4.086260376405548
189,us_volume_share,2023-03-08,4.016317798017926
189,us_volume_share,2023-03-15,4.016317798017926
189,us_volume_share,2023-03-22,3.926505308123568
189,us_volume_share,2023-03-30,3.233832543384263
189,us_volume_share,2023-04-06,3.2171598747391505
189,us_trade_share,2022-10-12,0.4926308794663936
189,us_trade_share,2022-10-19,0.31347436351205626
189,us_trade_share,2022-10-26,0.05275031802217112
189,us_trade_share,2022-11-02,0.025942034870607422
189,us_trade_share,2022-11-09,0.29770561435382703
189,us_trade_share,2022-11-16,1.1925671828147855
189,us_trade_share,2022-11-23,1.5817555534300642
189,us_trade_share,2022-12-01,1.9025262319055214
189,us_trade_share,2022-12-08,2.1226799823173605
189,us_trade_share,2022-12-15,2.1238831024111393
189,us_trade_share,2022-12-22,2.28100788123502
189,us_trade_share,2022-12-30,2.957405589699208
189,us_trade_share,2023-01-09,3.1884516906593885
189,us_trade_share,2023-01-17,3.226216271104698
189,us_trade_share,2023-01-24,3.142715276407726
189,us_trade_share,2023-01-31,3.522856263841817
189,us_trade_share,2023-02-07,3.4445047031745224
189,us_trade_share,2023-02-14,3.439355269144845
189,us_trade_share,2023-02-22,3.563067332433445
189,us_trade_share,2023-03-01,3.568216766463123
189,us_trade_share,2023-03-08,3.5783644914506416
189,us_trade_share,2023-03-15,3.5783644914506416
189,us_trade_share,2023-03-22,3.583352377643778
189,us_trade_share,2023-03-30,3.3362626830090445
189,us_trade_share,2023-04-06,3.4129523770367376
189,us_variance_share,2022-10-12,3.922991562557404
189,us_variance_share,2022-10-19,5.487751959451348
189,us_variance_share,2022-10-26,5.427247646656558
189,us_variance_share,2022-11-02,5.427247646656558
189,us_variance_share,2022-11-09,5.870345392183252
189,us_variance_share,2022-11-16,6.194490689515525
189,us_variance_share,2022-11-23,6.550826676275068
189,us_variance_share,2022-12-01,6.880757499591494
189,us_variance_share,2022-12-08,6.880757499591494
189,us_variance_share,2022-12-15,6.841975830285069
189,us_variance_share,2022-12-22,6.7862817660959305
189,us_variance_share,2022-12-30,7.058190624383586
189,us_variance_share,2023-01-09,7.00487279211448
189,us_variance_share,2023-01-17,6.924769356204469
189,us_variance_share,2023-01-24,6.385046530961969
189,us_variance_share,2023-01-31,7.1784289088263895
189,us_variance_share,2023-02-07,6.622717568251385
189,us_variance_share,2023-02-14,6.302034331729728
189,us_variance_share,2023-02-22,6.385046530961969
189,us_variance_share,2023-03-01,6.583012019394752
189,us_variance_share,2023-03-08,6.622717568251385
189,us_variance_share,2023-03-15,6.46514996687198
189,us_variance_share,2023-03-22,6.560074263069837
189,us_variance_share,2023-03-30,5.4078200785681485
189,us_variance_share,2023-04-06,5.45106716927738
189,us_abs_return_share,2022-10-12,1.5302540086054806
189,us_abs_return_share,2022-10-19,1.5302540086054806
189,us_abs_return_share,2022-10-26,1.5174880373741262
189,us_abs_return_share,2022-11-02,1.6083631676652832
189,us_abs_return_share,2022-11-09,1.9275368542819415
189,us_abs_return_share,2022-11-16,2.049630478410369
189,us_abs_return_share,2022-11-23,2.2202049863584925
189,us_abs_return_share,2022-12-01,2.4805107843616723
189,us_abs_return_share,2022-12-08,2.255145234598194
189,us_abs_return_share,2022-12-15,2.4097866689344105
189,us_abs_return_share,2022-12-22,2.122599968767064
189,us_abs_return_share,2022-12-30,2.4097866689344105
189,us_abs_return_share,2023-01-09,2.59653284876209
189,us_abs_return_share,2023-01-17,2.5147251551535854
189,us_abs_return_share,2023-01-24,2.0613462587356746
189,us_abs_return_share,2023-01-31,2.354038159687671
189,us_abs_return_share,2023-02-07,2.112966887669904
189,us_abs_return_share,2023-02-14,1.9132700417159254
189,us_abs_return_share,2023-02-22,1.8869302844742697
189,us_abs_return_share,2023-03-01,2.046536772671781
189,us_abs_return_share,2023-03-08,2.077732545617855
189,us_abs_return_share,2023-03-15,2.077732545617855
189,us_abs_return_share,2023-03-22,2.077732545617855
189,us_abs_return_share,2023-03-30,1.6820919566760073
189,us_abs_return_share,2023-04-06,1.8337191826307608
